{"Metrics/EpRet": 24.531938552856445, "Metrics/EpCost": 38.2400016784668, "Metrics/EpLen": 1000.0, "Train/Epoch": 499.0, "Train/Entropy": -1.2571386098861694, "Train/KL": 0.0038868405390530825, "Train/StopIter": 40.0, "Train/PolicyRatio": 1.000655174255371, "Train/PolicyRatio/Min": 1.000655174255371, "Train/PolicyRatio/Max": 1.000655174255371, "Train/PolicyRatio/Std": 0.00864595640450716, "Train/LR": 0.0, "Train/PolicyStd": 0.06890132278203964, "TotalEnvSteps": 10000000.0, "Loss/Loss_pi": -0.0038429570849984884, "Loss/Loss_pi/Delta": 0.0017734395805746317, "Value/Adv": 1.8119812317252126e-09, "Loss/Loss_reward_critic": 0.018023308366537094, "Loss/Loss_reward_critic/Delta": 0.0005439333617687225, "Value/reward": 2.5360517501831055, "Loss/Loss_cost_critic": 0.5686260461807251, "Loss/Loss_cost_critic/Delta": -0.05759119987487793, "Value/cost": 4.81342887878418, "Time/Total": 13690.96875, "Time/Rollout": 8.524347305297852, "Time/Update": 61.35039138793945, "Time/Epoch": 69.87479400634766, "Time/FPS": 286.22625732421875, "Metrics/LagrangeMultiplier": 1.3150758743286133, "Metrics/Sigma": 10.0, "Metrics/Xi": -5.605193857299268e-45, "Metrics/Rho": NaN, "Metrics/Dual": NaN, "Metrics/Primal": NaN, "Value/Adv_c": 1.5735626135437997e-08, "Loss/Loss_pi_cost": -0.020117182284593582, "Loss/Loss_proximal": 104.58715057373047, "Train/Weight": 1.4468650817871094, "_timestamp": 1706793257.6329312, "_runtime": 13694.105518341064, "_step": 500, "_wandb": {"runtime": 13693}}