{"Metrics/EpRet": 22.04354476928711, "Metrics/EpCost": 44.41999816894531, "Metrics/EpLen": 1000.0, "Train/Epoch": 499.0, "Train/Entropy": -0.9511168599128723, "Train/KL": 0.003451175754889846, "Train/StopIter": 40.0, "Train/PolicyRatio": 1.0004953145980835, "Train/PolicyRatio/Min": 1.0004953145980835, "Train/PolicyRatio/Max": 1.0004953145980835, "Train/PolicyRatio/Std": 0.008535763248801231, "Train/LR": 0.0, "Train/PolicyStd": 0.09370817244052887, "TotalEnvSteps": 10000000.0, "Loss/Loss_pi": -0.00197241990827024, "Loss/Loss_pi/Delta": -0.0007166806608438492, "Value/Adv": -3.6239624634504253e-09, "Loss/Loss_reward_critic": 0.019047468900680542, "Loss/Loss_reward_critic/Delta": -0.0005880426615476608, "Value/reward": 2.350127935409546, "Loss/Loss_cost_critic": 0.7572064399719238, "Loss/Loss_cost_critic/Delta": 0.0560951828956604, "Value/cost": 4.802067756652832, "Time/Total": 13905.8037109375, "Time/Rollout": 7.321112632751465, "Time/Update": 64.73863220214844, "Time/Epoch": 72.05982971191406, "Time/FPS": 277.5471496582031, "Metrics/LagrangeMultiplier": 3.1250267028808594, "Metrics/Sigma": 10.0, "Metrics/Xi": -4.2324240441601466e-22, "Metrics/Rho": NaN, "Metrics/Dual": NaN, "Metrics/Primal": NaN, "Value/Adv_c": 1.3256072683986986e-08, "Loss/Loss_pi_cost": -0.020233089104294777, "Loss/Loss_proximal": 548.8680419921875, "Train/Weight": 3.3188834190368652, "_timestamp": 1706819060.511461, "_runtime": 13908.819591999054, "_step": 500, "_wandb": {"runtime": 13907}}