{"Metrics/EpRet": 22.917612075805664, "Metrics/EpCost": 37.91999816894531, "Metrics/EpLen": 1000.0, "Train/Epoch": 499.0, "Train/Entropy": -0.9653193354606628, "Train/KL": 0.0034763324074447155, "Train/StopIter": 40.0, "Train/PolicyRatio": 0.9999537467956543, "Train/PolicyRatio/Min": 0.9999537467956543, "Train/PolicyRatio/Max": 0.9999537467956543, "Train/PolicyRatio/Std": 0.008478541858494282, "Train/LR": 0.0, "Train/PolicyStd": 0.09222760051488876, "TotalEnvSteps": 10000000.0, "Loss/Loss_pi": -0.0014452639734372497, "Loss/Loss_pi/Delta": 0.00037042342592030764, "Value/Adv": -1.3351439953623867e-09, "Loss/Loss_reward_critic": 0.023468373343348503, "Loss/Loss_reward_critic/Delta": -0.0012124087661504745, "Value/reward": 2.4134926795959473, "Loss/Loss_cost_critic": 0.5486204028129578, "Loss/Loss_cost_critic/Delta": -0.04461014270782471, "Value/cost": 4.667430877685547, "Time/Total": 12706.791015625, "Time/Rollout": 8.444231033325195, "Time/Update": 59.74172592163086, "Time/Epoch": 68.1860122680664, "Time/FPS": 293.3152770996094, "Metrics/LagrangeMultiplier": 3.4213149547576904, "Metrics/Sigma": 10.0, "Metrics/Xi": -4.2324240441601466e-22, "Metrics/Rho": NaN, "Metrics/Dual": NaN, "Metrics/Primal": NaN, "Value/Adv_c": 2.70843507621521e-08, "Loss/Loss_pi_cost": -0.016743676736950874, "Loss/Loss_proximal": 628.419189453125, "Train/Weight": 3.5502257347106934, "_timestamp": 1706824999.2008195, "_runtime": 12709.99969959259, "_step": 500, "_wandb": {"runtime": 12709}}