{"Metrics/EpRet": 15.060502052307129, "Metrics/EpCost": 18.559999465942383, "Metrics/EpLen": 1000.0, "Train/Epoch": 499.0, "Train/Entropy": -0.939053475856781, "Train/KL": 0.0033288090489804745, "Train/StopIter": 40.0, "Train/PolicyRatio": 1.0003024339675903, "Train/PolicyRatio/Min": 1.0003024339675903, "Train/PolicyRatio/Max": 1.0003024339675903, "Train/PolicyRatio/Std": 0.008086205460131168, "Train/LR": 0.0, "Train/PolicyStd": 0.09478095173835754, "TotalEnvSteps": 10000000.0, "Loss/Loss_pi": -0.002111605601385236, "Loss/Loss_pi/Delta": -0.0007566580316051841, "Value/Adv": -9.53674295089968e-09, "Loss/Loss_reward_critic": 0.027566945180296898, "Loss/Loss_reward_critic/Delta": 0.000688524916768074, "Value/reward": 1.716116189956665, "Loss/Loss_cost_critic": 0.3306044042110443, "Loss/Loss_cost_critic/Delta": -0.11119318008422852, "Value/cost": 3.21527099609375, "Time/Total": 15676.2373046875, "Time/Rollout": 8.065900802612305, "Time/Update": 62.14247512817383, "Time/Epoch": 70.20843505859375, "Time/FPS": 284.8660583496094, "Metrics/LagrangeMultiplier": 3.2936043739318848, "Metrics/Sigma": 10.0, "Metrics/Xi": -9.039381670262253e-22, "Metrics/Rho": NaN, "Metrics/Dual": NaN, "Metrics/Primal": NaN, "Value/Adv_c": 2.0599365768703137e-08, "Loss/Loss_pi_cost": -0.01464138925075531, "Loss/Loss_proximal": 522.6360473632812, "Train/Weight": 3.228954553604126, "_timestamp": 1706870940.7028458, "_runtime": 15679.465955734253, "_step": 500, "_wandb": {"runtime": 15678}}