{"Metrics/EpRet": 25.557241439819336, "Metrics/EpCost": 51.52000045776367, "Metrics/EpLen": 1000.0, "Train/Epoch": 499.0, "Train/Entropy": -1.2769578695297241, "Train/KL": 0.0036773639731109142, "Train/StopIter": 40.0, "Train/PolicyRatio": 1.0006372928619385, "Train/PolicyRatio/Min": 1.0006372928619385, "Train/PolicyRatio/Max": 1.0006372928619385, "Train/PolicyRatio/Std": 0.008362886495888233, "Train/LR": 0.0, "Train/PolicyStd": 0.06758241355419159, "TotalEnvSteps": 10000000.0, "Loss/Loss_pi": -0.0033853710629045963, "Loss/Loss_pi/Delta": 0.001949590165168047, "Value/Adv": 3.7193297330873065e-09, "Loss/Loss_reward_critic": 0.016798416152596474, "Loss/Loss_reward_critic/Delta": -0.0008849278092384338, "Value/reward": 2.600351095199585, "Loss/Loss_cost_critic": 0.722684383392334, "Loss/Loss_cost_critic/Delta": -0.011981546878814697, "Value/cost": 5.725607872009277, "Time/Total": 13363.1708984375, "Time/Rollout": 7.966127395629883, "Time/Update": 65.36446380615234, "Time/Epoch": 73.33065032958984, "Time/FPS": 272.73724365234375, "Metrics/LagrangeMultiplier": 1.1898081302642822, "Metrics/Sigma": 10.0, "Metrics/Xi": -4.2324240441601466e-22, "Metrics/Rho": NaN, "Metrics/Dual": NaN, "Metrics/Primal": NaN, "Value/Adv_c": 9.489059316081239e-09, "Loss/Loss_pi_cost": -0.021069776266813278, "Loss/Loss_proximal": 105.43717193603516, "Train/Weight": 1.4546467065811157, "_timestamp": 1706818253.2254398, "_runtime": 13366.336527824402, "_step": 500, "_wandb": {"runtime": 13365}}