{"Metrics/EpRet": 19.9910945892334, "Metrics/EpCost": 27.959999084472656, "Metrics/EpLen": 1000.0, "Train/Epoch": 499.0, "Train/Entropy": -0.9083184599876404, "Train/KL": 0.003233611350879073, "Train/StopIter": 40.0, "Train/PolicyRatio": 1.000161051750183, "Train/PolicyRatio/Min": 1.000161051750183, "Train/PolicyRatio/Max": 1.000161051750183, "Train/PolicyRatio/Std": 0.008060743100941181, "Train/LR": 0.0, "Train/PolicyStd": 0.09882523864507675, "TotalEnvSteps": 10000000.0, "Loss/Loss_pi": -0.0002520326233934611, "Loss/Loss_pi/Delta": -0.0003301481483504176, "Value/Adv": -5.57899459963096e-09, "Loss/Loss_reward_critic": 0.023431656882166862, "Loss/Loss_reward_critic/Delta": -0.0016503240913152695, "Value/reward": 2.1590354442596436, "Loss/Loss_cost_critic": 0.4711659848690033, "Loss/Loss_cost_critic/Delta": -0.07331624627113342, "Value/cost": 4.137347221374512, "Time/Total": 12949.7255859375, "Time/Rollout": 7.213132858276367, "Time/Update": 66.11604309082031, "Time/Epoch": 73.32923126220703, "Time/FPS": 272.7425231933594, "Metrics/LagrangeMultiplier": 4.393164157867432, "Metrics/Sigma": 10.0, "Metrics/Xi": -4.2324240441601466e-22, "Metrics/Rho": NaN, "Metrics/Dual": NaN, "Metrics/Primal": NaN, "Value/Adv_c": 9.918212917625624e-09, "Loss/Loss_pi_cost": -0.016401980072259903, "Loss/Loss_proximal": 977.1920776367188, "Train/Weight": 4.422476291656494, "_timestamp": 1706825347.9172587, "_runtime": 12952.854669809341, "_step": 500, "_wandb": {"runtime": 12951}}