{"Metrics/EpRet": 21.83138656616211, "Metrics/EpCost": 40.119998931884766, "Metrics/EpLen": 1000.0, "Train/Epoch": 499.0, "Train/Entropy": -1.0607877969741821, "Train/KL": 0.0035813201684504747, "Train/StopIter": 40.0, "Train/PolicyRatio": 1.000229835510254, "Train/PolicyRatio/Min": 1.000229835510254, "Train/PolicyRatio/Max": 1.000229835510254, "Train/PolicyRatio/Std": 0.008193640038371086, "Train/LR": 0.0, "Train/PolicyStd": 0.08438841253519058, "TotalEnvSteps": 10000000.0, "Loss/Loss_pi": -0.001645781216211617, "Loss/Loss_pi/Delta": 0.0014740746701136231, "Value/Adv": -2.7656554824062596e-09, "Loss/Loss_reward_critic": 0.02693474106490612, "Loss/Loss_reward_critic/Delta": 0.0015982557088136673, "Value/reward": 2.2885544300079346, "Loss/Loss_cost_critic": 0.6799595355987549, "Loss/Loss_cost_critic/Delta": 0.16417551040649414, "Value/cost": 4.848562717437744, "Time/Total": 13625.900390625, "Time/Rollout": 7.23259162902832, "Time/Update": 62.97097396850586, "Time/Epoch": 70.20362854003906, "Time/FPS": 284.8855895996094, "Metrics/LagrangeMultiplier": 2.172182559967041, "Metrics/Sigma": 10.0, "Metrics/Xi": 1.401298464324817e-45, "Metrics/Rho": NaN, "Metrics/Dual": NaN, "Metrics/Primal": NaN, "Value/Adv_c": -7.438659466174613e-09, "Loss/Loss_pi_cost": -0.022773077711462975, "Loss/Loss_proximal": 269.327392578125, "Train/Weight": 2.322307825088501, "_timestamp": 1706791920.9651523, "_runtime": 13629.42597937584, "_step": 500, "_wandb": {"runtime": 13628}}