{"Metrics/EpRet": 3269.1181640625, "Metrics/EpCost": 24.65999984741211, "Metrics/EpLen": 1000.0, "Train/Epoch": 499.0, "Train/Entropy": -1.7777125835418701, "Train/KL": 0.004351066425442696, "Train/StopIter": 40.0, "Train/PolicyRatio": 0.9999611377716064, "Train/PolicyRatio/Min": 0.9999611377716064, "Train/PolicyRatio/Max": 0.9999611377716064, "Train/PolicyRatio/Std": 0.011133781634271145, "Train/LR": 0.0, "Train/PolicyStd": 0.04207584261894226, "TotalEnvSteps": 10000000.0, "Loss/Loss_pi": -0.007905226200819016, "Loss/Loss_pi/Delta": 0.0035749580711126328, "Value/Adv": -1.7166137400437265e-09, "Loss/Loss_reward_critic": 3.2653613090515137, "Loss/Loss_reward_critic/Delta": 0.1994931697845459, "Value/reward": 330.9573974609375, "Loss/Loss_cost_critic": 0.2561558783054352, "Loss/Loss_cost_critic/Delta": 0.020172476768493652, "Value/cost": 2.828956127166748, "Time/Total": 12386.7265625, "Time/Rollout": 3.82930850982666, "Time/Update": 68.31402587890625, "Time/Epoch": 72.14339447021484, "Time/FPS": 277.22564697265625, "Metrics/LagrangeMultiplier": 1.0732395648956299, "Metrics/Sigma": 10.0, "Metrics/Xi": 1.465502238111459e-36, "Metrics/Rho": NaN, "Metrics/Dual": NaN, "Metrics/Primal": NaN, "Value/Adv_c": 4.684924892472964e-09, "Loss/Loss_pi_cost": -0.0026758145540952682, "Loss/Loss_proximal": 57.362701416015625, "Train/Weight": 1.0702385902404785, "_timestamp": 1706793617.7283587, "_runtime": 12390.183472633362, "_step": 500, "_wandb": {"runtime": 12389}}