{"Metrics/EpRet": 2926.834716796875, "Metrics/EpCost": 18.079999923706055, "Metrics/EpLen": 1000.0, "Train/Epoch": 499.0, "Train/Entropy": -1.7383562326431274, "Train/KL": 0.005052559077739716, "Train/StopIter": 40.0, "Train/PolicyRatio": 0.9990760684013367, "Train/PolicyRatio/Min": 0.9990760684013367, "Train/PolicyRatio/Max": 0.9990760684013367, "Train/PolicyRatio/Std": 0.012131795287132263, "Train/LR": 0.0, "Train/PolicyStd": 0.05127906799316406, "TotalEnvSteps": 10000000.0, "Loss/Loss_pi": -0.003968523349612951, "Loss/Loss_pi/Delta": 0.0013291696086525917, "Value/Adv": -2.574920721087892e-09, "Loss/Loss_reward_critic": 1.8753094673156738, "Loss/Loss_reward_critic/Delta": -0.015250325202941895, "Value/reward": 296.552490234375, "Loss/Loss_cost_critic": 0.1800938993692398, "Loss/Loss_cost_critic/Delta": 0.03946301341056824, "Value/cost": 1.6362683773040771, "Time/Total": 10067.0234375, "Time/Rollout": 2.842862606048584, "Time/Update": 64.83273315429688, "Time/Epoch": 67.67565155029297, "Time/FPS": 295.5272521972656, "Metrics/LagrangeMultiplier": 5.378603458404541, "Metrics/Sigma": 10.0, "Metrics/Xi": 1.5414283107572988e-41, "Metrics/Rho": NaN, "Metrics/Dual": NaN, "Metrics/Primal": NaN, "Value/Adv_c": -5.924701618198469e-09, "Loss/Loss_pi_cost": -0.0036755052860826254, "Loss/Loss_proximal": 1412.2276611328125, "Train/Weight": 5.311089992523193, "_timestamp": 1706777581.7135491, "_runtime": 10070.447217226028, "_step": 500, "_wandb": {"runtime": 10069}}