{"Metrics/EpRet": 23.33515167236328, "Metrics/EpCost": 46.900001525878906, "Metrics/EpLen": 1000.0, "Train/Epoch": 499.0, "Train/Entropy": -1.1278890371322632, "Train/KL": 0.0035772232804447412, "Train/StopIter": 40.0, "Train/PolicyRatio": 1.0005046129226685, "Train/PolicyRatio/Min": 1.0005046129226685, "Train/PolicyRatio/Max": 1.0005046129226685, "Train/PolicyRatio/Std": 0.008557149209082127, "Train/LR": 0.0, "Train/PolicyStd": 0.07916216552257538, "TotalEnvSteps": 10000000.0, "Loss/Loss_pi": -0.0034430644009262323, "Loss/Loss_pi/Delta": 4.4587766751646996e-05, "Value/Adv": -2.5272368642248466e-09, "Loss/Loss_reward_critic": 0.0320403166115284, "Loss/Loss_reward_critic/Delta": 0.0005805790424346924, "Value/reward": 2.4535961151123047, "Loss/Loss_cost_critic": 0.7220157384872437, "Loss/Loss_cost_critic/Delta": -0.02550065517425537, "Value/cost": 4.358731269836426, "Time/Total": 12405.3671875, "Time/Rollout": 8.196489334106445, "Time/Update": 65.5152359008789, "Time/Epoch": 73.71178436279297, "Time/FPS": 271.3270568847656, "Metrics/LagrangeMultiplier": 1.93100106716156, "Metrics/Sigma": 10.0, "Metrics/Xi": -5.605193857299268e-45, "Metrics/Rho": NaN, "Metrics/Dual": NaN, "Metrics/Primal": NaN, "Value/Adv_c": 3.433227480087453e-09, "Loss/Loss_pi_cost": -0.02696980908513069, "Loss/Loss_proximal": 230.504150390625, "Train/Weight": 2.1487441062927246, "_timestamp": 1706792926.1117966, "_runtime": 12408.552258729935, "_step": 500, "_wandb": {"runtime": 12407}}