{"Metrics/EpRet": 3025.759765625, "Metrics/EpCost": 27.280000686645508, "Metrics/EpLen": 1000.0, "Train/Epoch": 499.0, "Train/Entropy": -2.0101990699768066, "Train/KL": 0.004899527411907911, "Train/StopIter": 40.0, "Train/PolicyRatio": 1.0002009868621826, "Train/PolicyRatio/Min": 1.0002009868621826, "Train/PolicyRatio/Max": 1.0002009868621826, "Train/PolicyRatio/Std": 0.012428115122020245, "Train/LR": 0.0, "Train/PolicyStd": 0.04093693569302559, "TotalEnvSteps": 10000000.0, "Loss/Loss_pi": -0.00459157582372427, "Loss/Loss_pi/Delta": 0.0018347851000726223, "Value/Adv": -3.433227480087453e-09, "Loss/Loss_reward_critic": 1.8510732650756836, "Loss/Loss_reward_critic/Delta": -0.03777635097503662, "Value/reward": 306.82635498046875, "Loss/Loss_cost_critic": 0.24553550779819489, "Loss/Loss_cost_critic/Delta": 0.01637353003025055, "Value/cost": 2.772277593612671, "Time/Total": 9051.2734375, "Time/Rollout": 5.508927345275879, "Time/Update": 62.413856506347656, "Time/Epoch": 67.9228515625, "Time/FPS": 294.45172119140625, "Metrics/LagrangeMultiplier": 2.4413974285125732, "Metrics/Sigma": 10.0, "Metrics/Xi": 2.372258170255483e-41, "Metrics/Rho": NaN, "Metrics/Dual": NaN, "Metrics/Primal": NaN, "Value/Adv_c": -4.291534350109316e-10, "Loss/Loss_pi_cost": -0.00379368313588202, "Loss/Loss_proximal": 35.16460037231445, "Train/Weight": 2.6632585525512695, "_timestamp": 1706789248.9177802, "_runtime": 9054.388893127441, "_step": 500, "_wandb": {"runtime": 9053}}