{"Metrics/EpRet": 15.652959823608398, "Metrics/EpCost": 29.059999465942383, "Metrics/EpLen": 1000.0, "Train/Epoch": 499.0, "Train/Entropy": -0.8342848420143127, "Train/KL": 0.0031287800520658493, "Train/StopIter": 40.0, "Train/PolicyRatio": 1.000331997871399, "Train/PolicyRatio/Min": 1.000331997871399, "Train/PolicyRatio/Max": 1.000331997871399, "Train/PolicyRatio/Std": 0.007450225297361612, "Train/LR": 0.0, "Train/PolicyStd": 0.1050720289349556, "TotalEnvSteps": 10000000.0, "Loss/Loss_pi": -0.000993059598840773, "Loss/Loss_pi/Delta": -0.0006663343228865415, "Value/Adv": -1.678466787780053e-08, "Loss/Loss_reward_critic": 0.02985132671892643, "Loss/Loss_reward_critic/Delta": 0.0023943372070789337, "Value/reward": 1.9576510190963745, "Loss/Loss_cost_critic": 0.5524486899375916, "Loss/Loss_cost_critic/Delta": -0.23178249597549438, "Value/cost": 3.917992353439331, "Time/Total": 15208.72265625, "Time/Rollout": 8.704730033874512, "Time/Update": 70.80422973632812, "Time/Epoch": 79.509033203125, "Time/FPS": 251.54376220703125, "Metrics/LagrangeMultiplier": 4.891972541809082, "Metrics/Sigma": 10.0, "Metrics/Xi": -9.039381670262253e-22, "Metrics/Rho": NaN, "Metrics/Dual": NaN, "Metrics/Primal": NaN, "Value/Adv_c": -6.175041367129097e-09, "Loss/Loss_pi_cost": -0.01880139857530594, "Loss/Loss_proximal": 1215.0909423828125, "Train/Weight": 4.9322381019592285, "_timestamp": 1706870491.34675, "_runtime": 15212.462110996246, "_step": 500, "_wandb": {"runtime": 15211}}