{"Metrics/EpRet": 26.044967651367188, "Metrics/EpCost": 56.2400016784668, "Metrics/EpLen": 1000.0, "Train/Epoch": 499.0, "Train/Entropy": -1.5049258470535278, "Train/KL": 0.0036494277883321047, "Train/StopIter": 40.0, "Train/PolicyRatio": 1.0003306865692139, "Train/PolicyRatio/Min": 1.0003306865692139, "Train/PolicyRatio/Max": 1.0003306865692139, "Train/PolicyRatio/Std": 0.008809404447674751, "Train/LR": 0.0, "Train/PolicyStd": 0.05381569638848305, "TotalEnvSteps": 10000000.0, "Loss/Loss_pi": -0.0038282996974885464, "Loss/Loss_pi/Delta": 0.002469508908689022, "Value/Adv": -8.630753001170888e-09, "Loss/Loss_reward_critic": 0.01937626488506794, "Loss/Loss_reward_critic/Delta": 0.0014839712530374527, "Value/reward": 2.5964858531951904, "Loss/Loss_cost_critic": 0.7777178883552551, "Loss/Loss_cost_critic/Delta": 0.044807493686676025, "Value/cost": 5.803624153137207, "Time/Total": 13237.31640625, "Time/Rollout": 8.352838516235352, "Time/Update": 65.9512710571289, "Time/Epoch": 74.30416107177734, "Time/FPS": 269.1639099121094, "Metrics/LagrangeMultiplier": 0.7649906277656555, "Metrics/Sigma": 10.0, "Metrics/Xi": -4.2324240441601466e-22, "Metrics/Rho": NaN, "Metrics/Dual": NaN, "Metrics/Primal": NaN, "Value/Adv_c": -1.845359776098121e-08, "Loss/Loss_pi_cost": -0.02191757783293724, "Loss/Loss_proximal": 57.7802619934082, "Train/Weight": 1.077018141746521, "_timestamp": 1706817582.2606094, "_runtime": 13240.665268421173, "_step": 500, "_wandb": {"runtime": 13239}}