{"Metrics/EpRet": 12.547537803649902, "Metrics/EpCost": 28.600000381469727, "Metrics/EpLen": 1000.0, "Train/Epoch": 499.0, "Train/Entropy": -0.8247337937355042, "Train/KL": 0.003225940279662609, "Train/StopIter": 40.0, "Train/PolicyRatio": 0.9996277689933777, "Train/PolicyRatio/Min": 0.9996277689933777, "Train/PolicyRatio/Max": 0.9996277689933777, "Train/PolicyRatio/Std": 0.008563009090721607, "Train/LR": 0.0, "Train/PolicyStd": 0.1060841828584671, "TotalEnvSteps": 10000000.0, "Loss/Loss_pi": -0.0005166527116671205, "Loss/Loss_pi/Delta": -0.00040038857696345076, "Value/Adv": -9.059905714536853e-09, "Loss/Loss_reward_critic": 0.023478906601667404, "Loss/Loss_reward_critic/Delta": 0.0004600305110216141, "Value/reward": 1.4260023832321167, "Loss/Loss_cost_critic": 0.3916182816028595, "Loss/Loss_cost_critic/Delta": -0.07383909821510315, "Value/cost": 3.660606622695923, "Time/Total": 15502.1650390625, "Time/Rollout": 8.407355308532715, "Time/Update": 60.240234375, "Time/Epoch": 68.64764404296875, "Time/FPS": 291.34283447265625, "Metrics/LagrangeMultiplier": 4.089634418487549, "Metrics/Sigma": 10.0, "Metrics/Xi": -4.2324240441601466e-22, "Metrics/Rho": NaN, "Metrics/Dual": NaN, "Metrics/Primal": NaN, "Value/Adv_c": 1.3923645347801994e-08, "Loss/Loss_pi_cost": -0.017062470316886902, "Loss/Loss_proximal": 850.030029296875, "Train/Weight": 4.1253485679626465, "_timestamp": 1706870979.1101203, "_runtime": 15505.216798305511, "_step": 500, "_wandb": {"runtime": 15504}}