{"Metrics/EpRet": 2948.255859375, "Metrics/EpCost": 25.739999771118164, "Metrics/EpLen": 1000.0, "Train/Epoch": 499.0, "Train/Entropy": -1.8818739652633667, "Train/KL": 0.004735014401376247, "Train/StopIter": 40.0, "Train/PolicyRatio": 1.0003647804260254, "Train/PolicyRatio/Min": 1.0003647804260254, "Train/PolicyRatio/Max": 1.0003647804260254, "Train/PolicyRatio/Std": 0.011669501662254333, "Train/LR": 0.0, "Train/PolicyStd": 0.04240913689136505, "TotalEnvSteps": 10000000.0, "Loss/Loss_pi": -0.006495742127299309, "Loss/Loss_pi/Delta": 0.005275677889585495, "Value/Adv": -3.1471252270875993e-09, "Loss/Loss_reward_critic": 1.5688399076461792, "Loss/Loss_reward_critic/Delta": -0.0017597675323486328, "Value/reward": 298.2267761230469, "Loss/Loss_cost_critic": 0.2625858783721924, "Loss/Loss_cost_critic/Delta": 0.02573782205581665, "Value/cost": 2.540081262588501, "Time/Total": 8714.7822265625, "Time/Rollout": 3.2141292095184326, "Time/Update": 64.78536987304688, "Time/Epoch": 67.99955749511719, "Time/FPS": 294.11956787109375, "Metrics/LagrangeMultiplier": 1.103424072265625, "Metrics/Sigma": 10.0, "Metrics/Xi": 1.3124340512149502e-05, "Metrics/Rho": NaN, "Metrics/Dual": NaN, "Metrics/Primal": NaN, "Value/Adv_c": 1.5020370502938363e-09, "Loss/Loss_pi_cost": -0.001996721839532256, "Loss/Loss_proximal": 6.842948913574219, "Train/Weight": 1.1771827936172485, "_timestamp": 1706776598.4272075, "_runtime": 8717.759945392609, "_step": 500, "_wandb": {"runtime": 8716}}