{"Metrics/EpRet": 17.00617218017578, "Metrics/EpCost": 29.799999237060547, "Metrics/EpLen": 1000.0, "Train/Epoch": 499.0, "Train/Entropy": -0.9608764052391052, "Train/KL": 0.0035907779820263386, "Train/StopIter": 40.0, "Train/PolicyRatio": 1.000967264175415, "Train/PolicyRatio/Min": 1.000967264175415, "Train/PolicyRatio/Max": 1.000967264175415, "Train/PolicyRatio/Std": 0.008533266372978687, "Train/LR": 0.0, "Train/PolicyStd": 0.09375186264514923, "TotalEnvSteps": 10000000.0, "Loss/Loss_pi": -0.0014213216491043568, "Loss/Loss_pi/Delta": 0.0027854042127728462, "Value/Adv": 2.38418573772492e-09, "Loss/Loss_reward_critic": 0.03412739187479019, "Loss/Loss_reward_critic/Delta": 0.0016908124089241028, "Value/reward": 1.8386120796203613, "Loss/Loss_cost_critic": 0.4876928925514221, "Loss/Loss_cost_critic/Delta": 0.09210479259490967, "Value/cost": 2.9750938415527344, "Time/Total": 15160.9697265625, "Time/Rollout": 7.2328057289123535, "Time/Update": 63.7205924987793, "Time/Epoch": 70.95345306396484, "Time/FPS": 281.87493896484375, "Metrics/LagrangeMultiplier": 2.536860942840576, "Metrics/Sigma": 10.0, "Metrics/Xi": -9.038791980958382e-22, "Metrics/Rho": NaN, "Metrics/Dual": NaN, "Metrics/Primal": NaN, "Value/Adv_c": 2.38418573772492e-09, "Loss/Loss_pi_cost": -0.02145426534116268, "Loss/Loss_proximal": 172.86703491210938, "Train/Weight": 2.632131338119507, "_timestamp": 1706871245.9229202, "_runtime": 15165.339552164078, "_step": 500, "_wandb": {"runtime": 15163}}