{"Metrics/EpRet": 24.690574645996094, "Metrics/EpCost": 44.15999984741211, "Metrics/EpLen": 1000.0, "Train/Epoch": 499.0, "Train/Entropy": -1.1867318153381348, "Train/KL": 0.0033598339650779963, "Train/StopIter": 40.0, "Train/PolicyRatio": 1.000601053237915, "Train/PolicyRatio/Min": 1.000601053237915, "Train/PolicyRatio/Max": 1.000601053237915, "Train/PolicyRatio/Std": 0.007916800677776337, "Train/LR": 0.0, "Train/PolicyStd": 0.07398127764463425, "TotalEnvSteps": 10000000.0, "Loss/Loss_pi": -0.002242577727884054, "Loss/Loss_pi/Delta": 0.001078487141057849, "Value/Adv": 2.2888184680880386e-09, "Loss/Loss_reward_critic": 0.022668084129691124, "Loss/Loss_reward_critic/Delta": 0.003847263753414154, "Value/reward": 2.5080087184906006, "Loss/Loss_cost_critic": 0.690486490726471, "Loss/Loss_cost_critic/Delta": 0.03838241100311279, "Value/cost": 5.294095993041992, "Time/Total": 13480.474609375, "Time/Rollout": 8.576541900634766, "Time/Update": 62.940650939941406, "Time/Epoch": 71.51725006103516, "Time/FPS": 279.6528015136719, "Metrics/LagrangeMultiplier": 2.158883571624756, "Metrics/Sigma": 10.0, "Metrics/Xi": -4.2324240441601466e-22, "Metrics/Rho": NaN, "Metrics/Dual": NaN, "Metrics/Primal": NaN, "Value/Adv_c": 9.536743617033494e-10, "Loss/Loss_pi_cost": -0.021851731464266777, "Loss/Loss_proximal": 275.28961181640625, "Train/Weight": 2.3501014709472656, "_timestamp": 1706818622.0217068, "_runtime": 13483.624527931213, "_step": 500, "_wandb": {"runtime": 13482}}