{"Metrics/EpRet": 11.465545654296875, "Metrics/EpCost": 13.640000343322754, "Metrics/EpLen": 1000.0, "Train/Epoch": 499.0, "Train/Entropy": -1.108042597770691, "Train/KL": 0.0037385448813438416, "Train/StopIter": 40.0, "Train/PolicyRatio": 0.9998241066932678, "Train/PolicyRatio/Min": 0.9998241066932678, "Train/PolicyRatio/Max": 0.9998241066932678, "Train/PolicyRatio/Std": 0.008056510239839554, "Train/LR": 0.0, "Train/PolicyStd": 0.07991398125886917, "TotalEnvSteps": 10000000.0, "Loss/Loss_pi": -0.0010976126650348306, "Loss/Loss_pi/Delta": 0.002343182102777064, "Value/Adv": 8.678436635989328e-09, "Loss/Loss_reward_critic": 0.030062785372138023, "Loss/Loss_reward_critic/Delta": -0.0026886258274316788, "Value/reward": 1.1970854997634888, "Loss/Loss_cost_critic": 0.28428471088409424, "Loss/Loss_cost_critic/Delta": -0.04106777906417847, "Value/cost": 2.3677127361297607, "Time/Total": 15545.9296875, "Time/Rollout": 7.564359664916992, "Time/Update": 61.09162139892578, "Time/Epoch": 68.65613555908203, "Time/FPS": 291.30682373046875, "Metrics/LagrangeMultiplier": 3.676807165145874, "Metrics/Sigma": 10.0, "Metrics/Xi": -9.039381670262253e-22, "Metrics/Rho": NaN, "Metrics/Dual": NaN, "Metrics/Primal": NaN, "Value/Adv_c": 6.151199549719877e-09, "Loss/Loss_pi_cost": -0.01351543702185154, "Loss/Loss_proximal": 637.3728637695312, "Train/Weight": 3.5629725456237793, "_timestamp": 1706871052.7567754, "_runtime": 15549.078849315643, "_step": 500, "_wandb": {"runtime": 15548}}