{"Metrics/EpRet": 15.902853965759277, "Metrics/EpCost": 35.119998931884766, "Metrics/EpLen": 1000.0, "Train/Epoch": 499.0, "Train/Entropy": -1.0154985189437866, "Train/KL": 0.0037768275942653418, "Train/StopIter": 40.0, "Train/PolicyRatio": 1.001524567604065, "Train/PolicyRatio/Min": 1.001524567604065, "Train/PolicyRatio/Max": 1.001524567604065, "Train/PolicyRatio/Std": 0.008989187888801098, "Train/LR": 0.0, "Train/PolicyStd": 0.08886387944221497, "TotalEnvSteps": 10000000.0, "Loss/Loss_pi": -0.0005739344051107764, "Loss/Loss_pi/Delta": 0.0005741292843595147, "Value/Adv": 4.76837147544984e-09, "Loss/Loss_reward_critic": 0.03347496688365936, "Loss/Loss_reward_critic/Delta": 0.0017220452427864075, "Value/reward": 1.7431764602661133, "Loss/Loss_cost_critic": 0.5246589183807373, "Loss/Loss_cost_critic/Delta": 0.06047946214675903, "Value/cost": 3.4411940574645996, "Time/Total": 12256.0263671875, "Time/Rollout": 8.68703842163086, "Time/Update": 66.4892578125, "Time/Epoch": 75.17636108398438, "Time/FPS": 266.04107666015625, "Metrics/LagrangeMultiplier": 4.069576740264893, "Metrics/Sigma": 10.0, "Metrics/Xi": -9.80908925027372e-45, "Metrics/Rho": NaN, "Metrics/Dual": NaN, "Metrics/Primal": NaN, "Value/Adv_c": -6.675720420901143e-09, "Loss/Loss_pi_cost": -0.02955968864262104, "Loss/Loss_proximal": 867.7562866210938, "Train/Weight": 4.168850898742676, "_timestamp": 1706789577.070773, "_runtime": 12259.172263860703, "_step": 500, "_wandb": {"runtime": 12258}}