{"Metrics/EpRet": 3331.048095703125, "Metrics/EpCost": 37.08000183105469, "Metrics/EpLen": 1000.0, "Train/Epoch": 499.0, "Train/Entropy": -1.6822996139526367, "Train/KL": 0.0057862442918121815, "Train/StopIter": 40.0, "Train/PolicyRatio": 0.9995508790016174, "Train/PolicyRatio/Min": 0.9995508790016174, "Train/PolicyRatio/Max": 0.9995508790016174, "Train/PolicyRatio/Std": 0.012548510916531086, "Train/LR": 0.0, "Train/PolicyStd": 0.04576841741800308, "TotalEnvSteps": 10000000.0, "Loss/Loss_pi": -0.0019531953148543835, "Loss/Loss_pi/Delta": 0.0020320629701018333, "Value/Adv": 4.243850604268573e-09, "Loss/Loss_reward_critic": 2.6994168758392334, "Loss/Loss_reward_critic/Delta": 0.4823567867279053, "Value/reward": 334.216552734375, "Loss/Loss_cost_critic": 0.6071977615356445, "Loss/Loss_cost_critic/Delta": 0.040562331676483154, "Value/cost": 2.6573946475982666, "Time/Total": 11819.0107421875, "Time/Rollout": 3.612551689147949, "Time/Update": 68.30810546875, "Time/Epoch": 71.92088317871094, "Time/FPS": 278.0833435058594, "Metrics/LagrangeMultiplier": 1.9498424530029297, "Metrics/Sigma": 10.0, "Metrics/Xi": 4.924981594085693, "Metrics/Rho": NaN, "Metrics/Dual": NaN, "Metrics/Primal": NaN, "Value/Adv_c": 1.850128228397807e-08, "Loss/Loss_pi_cost": -0.0077514685690402985, "Loss/Loss_proximal": 175.3260040283203, "Train/Weight": 2.0375616550445557, "_timestamp": 1706793110.627837, "_runtime": 11822.254478931427, "_step": 500, "_wandb": {"runtime": 11821}}