{"Metrics/EpRet": 20.53277587890625, "Metrics/EpCost": 25.139999389648438, "Metrics/EpLen": 1000.0, "Train/Epoch": 499.0, "Train/Entropy": -0.658608078956604, "Train/KL": 0.002843135269358754, "Train/StopIter": 40.0, "Train/PolicyRatio": 1.000475287437439, "Train/PolicyRatio/Min": 1.000475287437439, "Train/PolicyRatio/Max": 1.000475287437439, "Train/PolicyRatio/Std": 0.007370500359684229, "Train/LR": 0.0, "Train/PolicyStd": 0.12755583226680756, "TotalEnvSteps": 10000000.0, "Loss/Loss_pi": -0.0013299717102199793, "Loss/Loss_pi/Delta": 0.000193867483176291, "Value/Adv": -6.198883073516015e-10, "Loss/Loss_reward_critic": 0.025782596319913864, "Loss/Loss_reward_critic/Delta": -6.025657057762146e-05, "Value/reward": 2.0645859241485596, "Loss/Loss_cost_critic": 0.43415144085884094, "Loss/Loss_cost_critic/Delta": -0.05313041806221008, "Value/cost": 3.556124210357666, "Time/Total": 15535.1484375, "Time/Rollout": 7.998713493347168, "Time/Update": 63.513755798339844, "Time/Epoch": 71.51253509521484, "Time/FPS": 279.6712646484375, "Metrics/LagrangeMultiplier": 4.525421142578125, "Metrics/Sigma": 10.0, "Metrics/Xi": -7.211377644876397e-22, "Metrics/Rho": NaN, "Metrics/Dual": NaN, "Metrics/Primal": NaN, "Value/Adv_c": -2.4604798198879507e-08, "Loss/Loss_pi_cost": -0.013188133016228676, "Loss/Loss_proximal": 1024.5142822265625, "Train/Weight": 4.526585102081299, "_timestamp": 1706870739.4366999, "_runtime": 15538.30890583992, "_step": 500, "_wandb": {"runtime": 15537}}