{"Metrics/EpRet": 12.286352157592773, "Metrics/EpCost": 25.6200008392334, "Metrics/EpLen": 1000.0, "Train/Epoch": 499.0, "Train/Entropy": -0.8767220973968506, "Train/KL": 0.0029552094638347626, "Train/StopIter": 40.0, "Train/PolicyRatio": 1.0011327266693115, "Train/PolicyRatio/Min": 1.0011327266693115, "Train/PolicyRatio/Max": 1.0011327266693115, "Train/PolicyRatio/Std": 0.007657838985323906, "Train/LR": 0.0, "Train/PolicyStd": 0.10069745779037476, "TotalEnvSteps": 10000000.0, "Loss/Loss_pi": -0.0011423324467614293, "Loss/Loss_pi/Delta": 0.0014995659003034234, "Value/Adv": -1.516342251761671e-08, "Loss/Loss_reward_critic": 0.023329706862568855, "Loss/Loss_reward_critic/Delta": -0.0007170308381319046, "Value/reward": 1.461559534072876, "Loss/Loss_cost_critic": 0.4130978286266327, "Loss/Loss_cost_critic/Delta": -0.19320222735404968, "Value/cost": 3.425860643386841, "Time/Total": 16210.2255859375, "Time/Rollout": 7.565240383148193, "Time/Update": 60.01533889770508, "Time/Epoch": 67.58064270019531, "Time/FPS": 295.9427490234375, "Metrics/LagrangeMultiplier": 3.014491081237793, "Metrics/Sigma": 10.0, "Metrics/Xi": 1.9798616429070734e-23, "Metrics/Rho": NaN, "Metrics/Dual": NaN, "Metrics/Primal": NaN, "Value/Adv_c": -6.008148201175345e-09, "Loss/Loss_pi_cost": -0.014846541918814182, "Loss/Loss_proximal": 456.07635498046875, "Train/Weight": 3.020432233810425, "_timestamp": 1706871389.9621196, "_runtime": 16213.663529634476, "_step": 500, "_wandb": {"runtime": 16212}}