{"Metrics/EpRet": 22.544843673706055, "Metrics/EpCost": 38.68000030517578, "Metrics/EpLen": 1000.0, "Train/Epoch": 499.0, "Train/Entropy": -0.8260397911071777, "Train/KL": 0.003283655270934105, "Train/StopIter": 40.0, "Train/PolicyRatio": 1.0005013942718506, "Train/PolicyRatio/Min": 1.0005013942718506, "Train/PolicyRatio/Max": 1.0005013942718506, "Train/PolicyRatio/Std": 0.008074364624917507, "Train/LR": 0.0, "Train/PolicyStd": 0.10620737075805664, "TotalEnvSteps": 10000000.0, "Loss/Loss_pi": -0.0020049535669386387, "Loss/Loss_pi/Delta": -0.0014087972231209278, "Value/Adv": 7.772445798082117e-09, "Loss/Loss_reward_critic": 0.024763938039541245, "Loss/Loss_reward_critic/Delta": 0.000745946541428566, "Value/reward": 2.273118734359741, "Loss/Loss_cost_critic": 0.6760143637657166, "Loss/Loss_cost_critic/Delta": 0.024210989475250244, "Value/cost": 3.91723370552063, "Time/Total": 15321.0361328125, "Time/Rollout": 9.431453704833984, "Time/Update": 70.61376190185547, "Time/Epoch": 80.04537200927734, "Time/FPS": 249.85829162597656, "Metrics/LagrangeMultiplier": 4.9987053871154785, "Metrics/Sigma": 10.0, "Metrics/Xi": -9.039381670262253e-22, "Metrics/Rho": NaN, "Metrics/Dual": NaN, "Metrics/Primal": NaN, "Value/Adv_c": -1.3256072683986986e-08, "Loss/Loss_pi_cost": -0.020941898226737976, "Loss/Loss_proximal": 1314.013427734375, "Train/Weight": 5.135144233703613, "_timestamp": 1706870546.624108, "_runtime": 15324.422755002975, "_step": 500, "_wandb": {"runtime": 15323}}