{"Metrics/EpRet": 4.845860958099365, "Metrics/EpCost": 11.4399995803833, "Metrics/EpLen": 1000.0, "Train/Epoch": 499.0, "Train/Entropy": -0.9237771034240723, "Train/KL": 0.004050127230584621, "Train/StopIter": 40.0, "Train/PolicyRatio": 1.0025056600570679, "Train/PolicyRatio/Min": 1.0025056600570679, "Train/PolicyRatio/Max": 1.0025056600570679, "Train/PolicyRatio/Std": 0.00969010591506958, "Train/LR": 0.0, "Train/PolicyStd": 0.09658675640821457, "TotalEnvSteps": 10000000.0, "Loss/Loss_pi": -0.002922431332990527, "Loss/Loss_pi/Delta": 0.0008774551097303629, "Value/Adv": 9.536742923144104e-11, "Loss/Loss_reward_critic": 0.015160530805587769, "Loss/Loss_reward_critic/Delta": 0.0013199271634221077, "Value/reward": 0.6040329933166504, "Loss/Loss_cost_critic": 0.19984135031700134, "Loss/Loss_cost_critic/Delta": -0.009497225284576416, "Value/cost": 2.370145559310913, "Time/Total": 16056.634765625, "Time/Rollout": 7.720335006713867, "Time/Update": 65.1978759765625, "Time/Epoch": 72.91828155517578, "Time/FPS": 274.2796325683594, "Metrics/LagrangeMultiplier": 3.1288063526153564, "Metrics/Sigma": 10.0, "Metrics/Xi": -2.0153914332072484e-21, "Metrics/Rho": NaN, "Metrics/Dual": NaN, "Metrics/Primal": NaN, "Value/Adv_c": -1.5258788677030566e-09, "Loss/Loss_pi_cost": -0.015336323529481888, "Loss/Loss_proximal": 450.36138916015625, "Train/Weight": 2.992961883544922, "_timestamp": 1706871218.1749473, "_runtime": 16060.889983177185, "_step": 500, "_wandb": {"runtime": 16058}}