{"Metrics/EpRet": 8.349291801452637, "Metrics/EpCost": 25.260000228881836, "Metrics/EpLen": 1000.0, "Train/Epoch": 499.0, "Train/Entropy": -0.6346648931503296, "Train/KL": 0.002751277992501855, "Train/StopIter": 40.0, "Train/PolicyRatio": 1.0007646083831787, "Train/PolicyRatio/Min": 1.0007646083831787, "Train/PolicyRatio/Max": 1.0007646083831787, "Train/PolicyRatio/Std": 0.007005253806710243, "Train/LR": 0.0, "Train/PolicyStd": 0.12914930284023285, "TotalEnvSteps": 10000000.0, "Loss/Loss_pi": -0.0008418090874329209, "Loss/Loss_pi/Delta": -0.0012342255504336208, "Value/Adv": 8.77380390562621e-09, "Loss/Loss_reward_critic": 0.02214878797531128, "Loss/Loss_reward_critic/Delta": -0.0031847096979618073, "Value/reward": 0.9243965744972229, "Loss/Loss_cost_critic": 0.4498048424720764, "Loss/Loss_cost_critic/Delta": -0.2808670401573181, "Value/cost": 3.349844217300415, "Time/Total": 15913.1025390625, "Time/Rollout": 7.29399299621582, "Time/Update": 62.034420013427734, "Time/Epoch": 69.32847595214844, "Time/FPS": 288.48175048828125, "Metrics/LagrangeMultiplier": 4.140833377838135, "Metrics/Sigma": 10.0, "Metrics/Xi": 1.0907076443233399e-23, "Metrics/Rho": NaN, "Metrics/Dual": NaN, "Metrics/Primal": NaN, "Value/Adv_c": 1.201629640235069e-08, "Loss/Loss_pi_cost": -0.015253986231982708, "Loss/Loss_proximal": 429.64813232421875, "Train/Weight": 4.145493984222412, "_timestamp": 1706872048.6007254, "_runtime": 15916.361220359802, "_step": 500, "_wandb": {"runtime": 15915}}