{"Metrics/EpRet": 2964.02099609375, "Metrics/EpCost": 44.20000076293945, "Metrics/EpLen": 1000.0, "Train/Epoch": 499.0, "Train/Entropy": -1.2998683452606201, "Train/KL": 0.0011428148718550801, "Train/StopIter": 40.0, "Train/PolicyRatio": 0.9997960925102234, "Train/PolicyRatio/Min": 0.9997960925102234, "Train/PolicyRatio/Max": 0.9997960925102234, "Train/PolicyRatio/Std": 0.0054724509827792645, "Train/LR": 0.0, "Train/PolicyStd": 0.0833420604467392, "TotalEnvSteps": 10000000.0, "Loss/Loss_pi": -0.0012502504978328943, "Loss/Loss_pi/Delta": 0.00015172571875154972, "Value/Adv": 3.433227480087453e-09, "Loss/Loss_reward_critic": 1.730836272239685, "Loss/Loss_reward_critic/Delta": -0.05794262886047363, "Value/reward": 300.4117126464844, "Loss/Loss_cost_critic": 0.414025217294693, "Loss/Loss_cost_critic/Delta": 0.01510155200958252, "Value/cost": 4.20383358001709, "Time/Total": 8633.5966796875, "Time/Rollout": 3.118353843688965, "Time/Update": 62.71357727050781, "Time/Epoch": 65.83199310302734, "Time/FPS": 303.80364990234375, "Metrics/LagrangeMultiplier": 10.0, "Metrics/Sigma": 10.0, "Metrics/Xi": -9.076065063476562, "Value/Adv_c": -1.084804579498666e-09, "Loss/Loss_pi_cost": -0.004752303473651409, "Loss/Loss_proximal": NaN, "Train/Weight": 11.011918067932129, "_timestamp": 1706776596.75305, "_runtime": 8636.9715051651, "_step": 500, "_wandb": {"runtime": 8636}}