{"Metrics/EpRet": 25.208452224731445, "Metrics/EpCost": 55.060001373291016, "Metrics/EpLen": 1000.0, "Train/Epoch": 499.0, "Train/Entropy": -1.39673912525177, "Train/KL": 0.003961901646107435, "Train/StopIter": 40.0, "Train/PolicyRatio": 0.9992905855178833, "Train/PolicyRatio/Min": 0.9992905855178833, "Train/PolicyRatio/Max": 0.9992905855178833, "Train/PolicyRatio/Std": 0.008983513340353966, "Train/LR": 0.0, "Train/PolicyStd": 0.0600268729031086, "TotalEnvSteps": 10000000.0, "Loss/Loss_pi": -0.003601374104619026, "Loss/Loss_pi/Delta": 0.0016262577846646309, "Value/Adv": -8.344650304081824e-09, "Loss/Loss_reward_critic": 0.017096033319830894, "Loss/Loss_reward_critic/Delta": -0.0015453603118658066, "Value/reward": 2.578994035720825, "Loss/Loss_cost_critic": 0.8130577802658081, "Loss/Loss_cost_critic/Delta": 0.07608318328857422, "Value/cost": 5.58087158203125, "Time/Total": 13436.68359375, "Time/Rollout": 9.070573806762695, "Time/Update": 64.61320495605469, "Time/Epoch": 73.68384552001953, "Time/FPS": 271.429931640625, "Metrics/LagrangeMultiplier": 0.9937809109687805, "Metrics/Sigma": 10.0, "Metrics/Xi": -4.2324240441601466e-22, "Metrics/Rho": NaN, "Metrics/Dual": NaN, "Metrics/Primal": NaN, "Value/Adv_c": 1.0490417423625331e-08, "Loss/Loss_pi_cost": -0.02393661066889763, "Loss/Loss_proximal": 83.39125061035156, "Train/Weight": 1.2939751148223877, "_timestamp": 1706817811.5592954, "_runtime": 13439.752783298492, "_step": 500, "_wandb": {"runtime": 13438}}