{"Metrics/EpRet": 7.116879463195801, "Metrics/EpCost": 21.600000381469727, "Metrics/EpLen": 1000.0, "Train/Epoch": 499.0, "Train/Entropy": -0.8422143459320068, "Train/KL": 0.0033935662358999252, "Train/StopIter": 40.0, "Train/PolicyRatio": 1.00071382522583, "Train/PolicyRatio/Min": 1.00071382522583, "Train/PolicyRatio/Max": 1.00071382522583, "Train/PolicyRatio/Std": 0.00817555096000433, "Train/LR": 0.0, "Train/PolicyStd": 0.10473755747079849, "TotalEnvSteps": 10000000.0, "Loss/Loss_pi": -0.0014225326012820005, "Loss/Loss_pi/Delta": -9.411945939064026e-06, "Value/Adv": 4.100799699813251e-09, "Loss/Loss_reward_critic": 0.020436793565750122, "Loss/Loss_reward_critic/Delta": 0.004877902567386627, "Value/reward": 1.08540940284729, "Loss/Loss_cost_critic": 0.416317343711853, "Loss/Loss_cost_critic/Delta": 0.11459925770759583, "Value/cost": 3.5014209747314453, "Time/Total": 16305.9814453125, "Time/Rollout": 7.376518249511719, "Time/Update": 66.85488891601562, "Time/Epoch": 74.23160552978516, "Time/FPS": 269.427001953125, "Metrics/LagrangeMultiplier": 3.5002694129943848, "Metrics/Sigma": 10.0, "Metrics/Xi": 1.0935364403648946e-24, "Metrics/Rho": NaN, "Metrics/Dual": NaN, "Metrics/Primal": NaN, "Value/Adv_c": -2.2888184680880386e-09, "Loss/Loss_pi_cost": -0.01847880333662033, "Loss/Loss_proximal": 601.4011840820312, "Train/Weight": 3.465956687927246, "_timestamp": 1706871496.6485229, "_runtime": 16309.020988941193, "_step": 500, "_wandb": {"runtime": 16308}}