{"Metrics/EpRet": 25.66995620727539, "Metrics/EpCost": 50.36000061035156, "Metrics/EpLen": 1000.0, "Train/Epoch": 499.0, "Train/Entropy": -1.5300272703170776, "Train/KL": 0.004175424110144377, "Train/StopIter": 40.0, "Train/PolicyRatio": 1.000410795211792, "Train/PolicyRatio/Min": 1.000410795211792, "Train/PolicyRatio/Max": 1.000410795211792, "Train/PolicyRatio/Std": 0.009678995236754417, "Train/LR": 0.0, "Train/PolicyStd": 0.052414268255233765, "TotalEnvSteps": 10000000.0, "Loss/Loss_pi": -0.005021123215556145, "Loss/Loss_pi/Delta": 0.0027617490850389004, "Value/Adv": -1.0251999249533128e-09, "Loss/Loss_reward_critic": 0.0177475493401289, "Loss/Loss_reward_critic/Delta": -0.0006982460618019104, "Value/reward": 2.614884614944458, "Loss/Loss_cost_critic": 0.8083946108818054, "Loss/Loss_cost_critic/Delta": 0.12073111534118652, "Value/cost": 6.182194232940674, "Time/Total": 12987.6845703125, "Time/Rollout": 13.441422462463379, "Time/Update": 67.06010437011719, "Time/Epoch": 80.50159454345703, "Time/FPS": 248.44227600097656, "Metrics/LagrangeMultiplier": 0.7068881392478943, "Metrics/Sigma": 10.0, "Metrics/Xi": -4.2324240441601466e-22, "Metrics/Rho": NaN, "Metrics/Dual": NaN, "Metrics/Primal": NaN, "Value/Adv_c": 0.0, "Loss/Loss_pi_cost": -0.02348620444536209, "Loss/Loss_proximal": 45.958946228027344, "Train/Weight": 0.9601032733917236, "_timestamp": 1706817280.928628, "_runtime": 12990.65856385231, "_step": 500, "_wandb": {"runtime": 12989}}