{"Metrics/EpRet": 25.667587280273438, "Metrics/EpCost": 46.58000183105469, "Metrics/EpLen": 1000.0, "Train/Epoch": 499.0, "Train/Entropy": -1.0499756336212158, "Train/KL": 0.0037546909879893064, "Train/StopIter": 40.0, "Train/PolicyRatio": 1.000596284866333, "Train/PolicyRatio/Min": 1.000596284866333, "Train/PolicyRatio/Max": 1.000596284866333, "Train/PolicyRatio/Std": 0.008770840242505074, "Train/LR": 0.0, "Train/PolicyStd": 0.08469050377607346, "TotalEnvSteps": 10000000.0, "Loss/Loss_pi": -0.0012657620245590806, "Loss/Loss_pi/Delta": 0.00013062614016234875, "Value/Adv": 1.5258788677030566e-09, "Loss/Loss_reward_critic": 0.03496791049838066, "Loss/Loss_reward_critic/Delta": -0.0010116957128047943, "Value/reward": 2.694308280944824, "Loss/Loss_cost_critic": 0.6725600957870483, "Loss/Loss_cost_critic/Delta": 0.0032712817192077637, "Value/cost": 4.488005638122559, "Time/Total": 12615.3994140625, "Time/Rollout": 9.148274421691895, "Time/Update": 65.5368423461914, "Time/Epoch": 74.68517303466797, "Time/FPS": 267.790771484375, "Metrics/LagrangeMultiplier": 2.5801193714141846, "Metrics/Sigma": 10.0, "Metrics/Xi": -9.80908925027372e-45, "Metrics/Rho": NaN, "Metrics/Dual": NaN, "Metrics/Primal": NaN, "Value/Adv_c": -3.8146971692576415e-10, "Loss/Loss_pi_cost": -0.029031384736299515, "Loss/Loss_proximal": 389.875, "Train/Weight": 2.7944347858428955, "_timestamp": 1706789909.3336346, "_runtime": 12618.551841497421, "_step": 500, "_wandb": {"runtime": 12617}}