{"Metrics/EpRet": 26.145732879638672, "Metrics/EpCost": 47.31999969482422, "Metrics/EpLen": 1000.0, "Train/Epoch": 499.0, "Train/Entropy": -1.4109188318252563, "Train/KL": 0.0034304638393223286, "Train/StopIter": 40.0, "Train/PolicyRatio": 0.9999842643737793, "Train/PolicyRatio/Min": 0.9999842643737793, "Train/PolicyRatio/Max": 0.9999842643737793, "Train/PolicyRatio/Std": 0.007923741824924946, "Train/LR": 0.0, "Train/PolicyStd": 0.05963992699980736, "TotalEnvSteps": 10000000.0, "Loss/Loss_pi": -0.004462884273380041, "Loss/Loss_pi/Delta": 0.0030961264856159687, "Value/Adv": -2.8610229740877458e-09, "Loss/Loss_reward_critic": 0.016088314354419708, "Loss/Loss_reward_critic/Delta": -0.0016919802874326706, "Value/reward": 2.676664113998413, "Loss/Loss_cost_critic": 0.6877496242523193, "Loss/Loss_cost_critic/Delta": -0.0017130374908447266, "Value/cost": 5.306829929351807, "Time/Total": 13167.9697265625, "Time/Rollout": 7.9269304275512695, "Time/Update": 66.97077941894531, "Time/Epoch": 74.89776611328125, "Time/FPS": 267.0306701660156, "Metrics/LagrangeMultiplier": 0.978950560092926, "Metrics/Sigma": 10.0, "Metrics/Xi": -4.2324240441601466e-22, "Metrics/Rho": NaN, "Metrics/Dual": NaN, "Metrics/Primal": NaN, "Value/Adv_c": -4.1961669694501325e-09, "Loss/Loss_pi_cost": -0.01852644607424736, "Loss/Loss_proximal": 72.02223205566406, "Train/Weight": 1.201822280883789, "_timestamp": 1706817526.3152692, "_runtime": 13171.146644115448, "_step": 500, "_wandb": {"runtime": 13170}}