{"Metrics/EpRet": 2899.926025390625, "Metrics/EpCost": 26.040000915527344, "Metrics/EpLen": 1000.0, "Train/Epoch": 499.0, "Train/Entropy": -1.9965240955352783, "Train/KL": 0.005523176863789558, "Train/StopIter": 40.0, "Train/PolicyRatio": 1.0008224248886108, "Train/PolicyRatio/Min": 1.0008224248886108, "Train/PolicyRatio/Max": 1.0008224248886108, "Train/PolicyRatio/Std": 0.012353009544312954, "Train/LR": 0.0, "Train/PolicyStd": 0.041902657598257065, "TotalEnvSteps": 10000000.0, "Loss/Loss_pi": -0.0052856202237308025, "Loss/Loss_pi/Delta": 7.684528827667236e-05, "Value/Adv": 1.5258788677030566e-09, "Loss/Loss_reward_critic": 19.337860107421875, "Loss/Loss_reward_critic/Delta": 11.022720336914062, "Value/reward": 294.6116027832031, "Loss/Loss_cost_critic": 0.21978893876075745, "Loss/Loss_cost_critic/Delta": -0.06188037991523743, "Value/cost": 2.733978033065796, "Time/Total": 9435.396484375, "Time/Rollout": 2.8114240169525146, "Time/Update": 63.2554931640625, "Time/Epoch": 66.06697845458984, "Time/FPS": 302.7231140136719, "Metrics/LagrangeMultiplier": 0.8665866851806641, "Metrics/Sigma": 10.0, "Metrics/Xi": 7.248916955952279e-42, "Metrics/Rho": NaN, "Metrics/Dual": NaN, "Metrics/Primal": NaN, "Value/Adv_c": -9.012222079718413e-09, "Loss/Loss_pi_cost": -0.003782214131206274, "Loss/Loss_proximal": 38.31591796875, "Train/Weight": 0.8764241933822632, "_timestamp": 1706776916.704256, "_runtime": 9438.421164035797, "_step": 500, "_wandb": {"runtime": 9437}}