{"Metrics/EpRet": 28.854328155517578, "Metrics/EpCost": 54.880001068115234, "Metrics/EpLen": 1000.0, "Train/Epoch": 499.0, "Train/Entropy": -1.330215573310852, "Train/KL": 0.0038952073082327843, "Train/StopIter": 40.0, "Train/PolicyRatio": 1.000962257385254, "Train/PolicyRatio/Min": 1.000962257385254, "Train/PolicyRatio/Max": 1.000962257385254, "Train/PolicyRatio/Std": 0.009158100001513958, "Train/LR": 0.0, "Train/PolicyStd": 0.06408609449863434, "TotalEnvSteps": 10000000.0, "Loss/Loss_pi": -0.0035973091144114733, "Loss/Loss_pi/Delta": 0.00038343830965459347, "Value/Adv": 2.8610229740877458e-09, "Loss/Loss_reward_critic": 0.029547153040766716, "Loss/Loss_reward_critic/Delta": 0.0007812660187482834, "Value/reward": 2.908663034439087, "Loss/Loss_cost_critic": 0.7469196915626526, "Loss/Loss_cost_critic/Delta": 0.10788911581039429, "Value/cost": 4.922112941741943, "Time/Total": 12206.43359375, "Time/Rollout": 7.889803886413574, "Time/Update": 62.39569091796875, "Time/Epoch": 70.28555297851562, "Time/FPS": 284.5534973144531, "Metrics/LagrangeMultiplier": 1.302308440208435, "Metrics/Sigma": 10.0, "Metrics/Xi": -5.605193857299268e-45, "Metrics/Rho": NaN, "Metrics/Dual": NaN, "Metrics/Primal": NaN, "Value/Adv_c": -7.438659466174613e-09, "Loss/Loss_pi_cost": -0.03255714848637581, "Loss/Loss_proximal": 127.7680435180664, "Train/Weight": 1.5999040603637695, "_timestamp": 1706792709.5942984, "_runtime": 12209.652901411057, "_step": 500, "_wandb": {"runtime": 12208}}