{"Metrics/EpRet": -0.630410373210907, "Metrics/EpCost": 57.04999923706055, "Metrics/EpLen": 1000.0, "Train/Epoch": 0.0, "Train/Entropy": 1.4171983003616333, "Train/KL": 0.008624544367194176, "Train/StopIter": 40.0, "Train/PolicyRatio": 0.9983195662498474, "Train/PolicyRatio/Min": 0.9983195662498474, "Train/PolicyRatio/Max": 0.9983195662498474, "Train/PolicyRatio/Std": 0.015563211403787136, "Train/LR": 0.00029940000968053937, "Train/PolicyStd": 0.9982779622077942, "TotalEnvSteps": 20000.0, "Loss/Loss_pi": -0.012958492152392864, "Loss/Loss_pi/Delta": -0.012958492152392864, "Value/Adv": -7.057189943537878e-09, "Loss/Loss_reward_critic": 0.004561176989227533, "Loss/Loss_reward_critic/Delta": 0.004561176989227533, "Value/reward": -0.005101127550005913, "Loss/Loss_cost_critic": 1.26973557472229, "Loss/Loss_cost_critic/Delta": 1.26973557472229, "Value/cost": -0.17562569677829742, "Time/Total": 68.0813980102539, "Time/Rollout": 5.5751118659973145, "Time/Update": 62.50583267211914, "Time/Epoch": 68.08101654052734, "Time/FPS": 293.76763916015625, "Metrics/LagrangeMultiplier": 0.002920843893662095, "Metrics/Sigma": 10.0, "Metrics/Xi": -28.81264305114746, "Metrics/Rho": NaN, "Metrics/Dual": NaN, "Metrics/Primal": NaN, "Value/Adv_c": 4.234313877304885e-08, "Loss/Loss_pi_cost": -0.014849625527858734, "Loss/Loss_proximal": 5.164273262023926, "Train/Weight": 0.03493490815162659, "_timestamp": 1706855000.627222, "_runtime": 71.13059616088867, "_step": 1}