{"Metrics/EpRet": 13.460528373718262, "Metrics/EpCost": 40.380001068115234, "Metrics/EpLen": 1000.0, "Train/Epoch": 499.0, "Train/Entropy": -0.5099653005599976, "Train/KL": 0.0031191380694508553, "Train/StopIter": 40.0, "Train/PolicyRatio": 0.9997564554214478, "Train/PolicyRatio/Min": 0.9997564554214478, "Train/PolicyRatio/Max": 0.9997564554214478, "Train/PolicyRatio/Std": 0.007653535809367895, "Train/LR": 0.0, "Train/PolicyStd": 0.15027883648872375, "TotalEnvSteps": 10000000.0, "Loss/Loss_pi": -0.0007216661470010877, "Loss/Loss_pi/Delta": -7.762911263853312e-05, "Value/Adv": 4.673004205812958e-09, "Loss/Loss_reward_critic": 0.024076910689473152, "Loss/Loss_reward_critic/Delta": 1.5772879123687744e-05, "Value/reward": 1.3976341485977173, "Loss/Loss_cost_critic": 0.6273312568664551, "Loss/Loss_cost_critic/Delta": -0.6439454555511475, "Value/cost": 4.016468524932861, "Time/Total": 15779.7529296875, "Time/Rollout": 7.103920936584473, "Time/Update": 60.70100402832031, "Time/Epoch": 67.80512237548828, "Time/FPS": 294.96295166015625, "Metrics/LagrangeMultiplier": 4.332869052886963, "Metrics/Sigma": 10.0, "Metrics/Xi": 3.664954995614367e-23, "Metrics/Rho": NaN, "Metrics/Dual": NaN, "Metrics/Primal": NaN, "Value/Adv_c": -2.6702879907247734e-09, "Loss/Loss_pi_cost": -0.020596930757164955, "Loss/Loss_proximal": 536.1201782226562, "Train/Weight": 4.639739513397217, "_timestamp": 1706872060.8266068, "_runtime": 15783.158762693405, "_step": 500, "_wandb": {"runtime": 15782}}